,90601,643827,9290501,18102136,22242666,36175226,36175307,37090236,37512307,44311302,44360897,46308832,47532330,49636748,50414124,50952050,52729166,57690689,58555820,59105955,59477024,64533566,65575147,67942164,69951508,77657479,78543018,81118042,84066939,85219118,90572207,94074277,97936953,98415070,100009716,100972862,109807341,110510764,132077835,132094466,134292524,136835077,138147021,138851931,140420515,143312600,144520879,144532083,149558610,151546590,152037974,152601985,153502301,158109081,164172344,165487341,169387028,169534929,176899577,177123098,177457298,179529849,198935499,215150187,221094530,227193867,237944813,239054561,322722122,323263866,358967649,362113639,373044930,374868070,437868534
90601,,0,0.48089834696298783,0,0.48089834696298783,0,0,0,0,0,0,0,0.48089834696298783,0,0,0.48089834696298783,0,0,0,0,0,0,0,0,0,0.48089834696298783,0,0,0,0,0.48089834696298783,0,0,0,0,0,0,0,0,0,0,0,0.48089834696298783,0,0,0,0,0,0,0,0,0,0,0,0,0,0,0,0,0,0,0,0,0,0,0,0,0,0,0,0,0,0,0,0
643827,0,,0.2835784920513334,1.1938177186781707,1.5987453110596692,0,1.219822129369718,0,0,0.6606342367053184,0,0,1.630063586876738,0.905164148925593,0,2.571382301896367,0,0.2835784920513334,0.2835784920513334,0.31465798044412485,1.2511404051867867,0,0,0.31465798044412485,0,1.630063586876738,0.2835784920513334,0.3459762562611936,0,0.9675619131354534,1.637793890890728,0,0,0,0,0,0.5982364724954583,0,0,0,1.9447215673208629,0.905164148925593,1.5657983856309117,1.9447215673208629,1.2511404051867867,0.5905061684814683,0,0,0,0,0.905164148925593,0,1.630063586876738,0.6606342367053184,0,0.9675619131354533,1.5987453110596692,0,1.2840873306155443,1.5987453110596692,0.5982364724954583,0.905164148925593,0.905164148925593,0.5982364724954583,0.5982364724954583,0,0,0,1.219822129369718,1.5987453110596692,0.31465798044412485,0,1.630063586876738,0.2835784920513334,0.6606342367053184
9290501,0.48089834696298783,0.2835784920513334,,0.2835784920513334,0.7644768390143213,0,0.2835784920513334,0,0,0,0,0,0.7644768390143213,0.2835784920513334,0,1.9235933878519513,0,0.2835784920513334,0.2835784920513334,0,0.2835784920513334,0,0,0,0,0.7644768390143213,0.2835784920513334,0,0,0,0.7644768390143213,0,0,0,0,0,0.2835784920513334,0,0,0,0.2835784920513334,0.2835784920513334,0.7644768390143213,0.2835784920513334,0.2835784920513334,0.2835784920513334,0,0,0,0,0.2835784920513334,0,0.2835784920513334,0,0,0,0.2835784920513334,0,0.2835784920513334,0.2835784920513334,0.2835784920513334,0.2835784920513334,0.2835784920513334,0.2835784920513334,0.2835784920513334,0,0,0,0.2835784920513334,0.2835784920513334,0,0,0.2835784920513334,0.2835784920513334,0
18102136,0,1.1938177186781707,0.2835784920513334,,0.2835784920513334,0,0.2835784920513334,0,0,0,0,0,0.2835784920513334,0.2835784920513334,0,0.9102392266268373,0,0.2835784920513334,0.2835784920513334,0,0.2835784920513334,0,0,0,0,0.2835784920513334,0.2835784920513334,0,0,0,0.2835784920513334,0,0,0,0,0,0.2835784920513334,0,0,0,0.2835784920513334,0.2835784920513334,0.2835784920513334,0.2835784920513334,0.2835784920513334,0.2835784920513334,0,0,0,0,0.2835784920513334,0,0.2835784920513334,0,0,0,0.2835784920513334,0,0.2835784920513334,0.2835784920513334,0.2835784920513334,0.2835784920513334,0.2835784920513334,0.2835784920513334,0.2835784920513334,0,0,0,0.2835784920513334,0.2835784920513334,0,0,0.2835784920513334,0.2835784920513334,0
22242666,0.48089834696298783,1.5987453110596692,0.7644768390143213,0.2835784920513334,,0,3.2302440915787236,0,0,3.1433413015862843,0,0.3459762562611936,3.492796576414189,2.152482746530513,0,3.77332689686734,0,0.948483737216328,0.9631812411773752,1.3775636341147872,2.94746376794771,0,0,0.31465798044412485,0,5.7390443994340945,0.8937141571750968,0.5824133524399249,0,2.96811676083913,4.5130810770926235,0,0,0,0,0.29120667621996243,1.554348393880415,0,0.729943133291096,0.29120667621996243,3.590704545916732,2.2869877186588923,3.067846542104958,2.5418324237218353,5.068125649804676,0.8817128447014306,0.29120667621996243,0.29120667621996243,0,1.6312854746348218,1.2744335219944483,0.29120667621996243,4.121366264604317,2.0294440705569903,0.29120667621996243,2.368236624508532,2.9891517143478783,0,1.9907373470989786,2.8878086799830287,0.9171654613992593,2.6935709607194696,1.9263139584366513,1.2083721376192216,1.4995788138391841,0,0,0.29120667621996243,2.90143520887789,2.5000876524033955,1.3775636341147868,0,5.4470488314946275,0.5747851682712959,0.31465798044412485
36175226,0,0,0,0,0,,0.5824133524399249,4.663510387630954,0,0,0,0,0.5824133524399249,3.8564466978067564,6.000780356012569,0.5824133524399249,4.633655080665836,0.5824133524399249,0,0.29120667621996243,0.5824133524399249,3.444576590688047,6.212914726302624,0,0,0,0,0,3.0368508867820547,0,0.29120667621996243,2.67627184347846,5.341357881898348,4.417656925626801,3.7905528469492404,6.5691837301104785,4.943111178353509,0,0,5.255368342900602,0,0,0,0.5824133524399249,2.7318711119595167,0.5824133524399249,5.280373232802501,5.571579909022463,1.7421590832634801,0,0,4.946565032107166,0,0,4.131366818904897,0,0.5824133524399249,5.831503991750182,0,0,0.5824133524399249,0,0,0.5824133524399249,0.5824133524399249,0,0,4.523622852564501,0.5824133524399249,0.5824133524399249,0,0.6518804364422033,0.5824133524399249,0,0
36175307,0,1.219822129369718,0.2835784920513334,0.2835784920513334,3.2302440915787236,0.5824133524399249,,0.29120667621996243,0.5581106265512472,1.9791036863919365,0,0.3459762562611936,5.363969622455115,5.449819862699679,0.5824133524399249,7.694282716265274,0,3.8061391864705607,2.7737289562360834,1.9468886649227466,5.976472129996209,0.29120667621996243,0.5824133524399249,0.31465798044412485,0,3.259301214249806,2.301992503758187,0.5824133524399249,0.5824133524399249,2.7190719745110226,5.025923077302785,0.5824133524399249,0.5824133524399249,0.5824133524399249,0.29120667621996243,0.8736200286598873,4.851685510049582,0,0.36067376022224085,0.8736200286598873,2.481838230935685,1.8855033241208479,2.884826695718639,4.1644092995793605,4.712078113171748,2.5139435291800525,0.5824133524399249,0.8736200286598873,0,1.2620161015659668,1.2240931378293942,0.5824133524399249,2.5696098548734048,1.9468886649227466,0.5824133524399249,1.2039990093141846,5.814818227308858,0.29120667621996243,1.9096926659856965,4.490693187177777,3.648160036093125,1.8900071057473626,1.1963708251455556,3.951925071443652,4.7446319668090275,0,0,0.5824133524399249,5.694065549297726,5.2842347509629,1.0082942610459318,0.29120667621996243,6.459471115278648,1.5695818576040343,0.31465798044412485
37090236,0,0,0,0,0,4.663510387630954,0.29120667621996243,,0,0,0,0,0.29120667621996243,2.729984538677754,4.111214832279481,0.29120667621996243,3.7748931750649017,0.29120667621996243,0,0.29120667621996243,0.29120667621996243,2.7363375230438383,4.323349202569535,0,0,0,0,0,1.967938058915605,0,0.29120667621996243,1.9615850745495202,4.27125435397135,4.105399761079706,3.0612632909779,4.67961820637739,4.084349272752574,0,0,3.744726000857465,0,0,0,0.29120667621996243,2.7318711119595167,0.29120667621996243,3.8078401004936593,4.099046776713622,1.7028591734686376,0,0,3.474031899798325,0,0,3.421937051200141,0,0.29120667621996243,4.35897085944134,0,0,0.29120667621996243,0,0,0.29120667621996243,0.29120667621996243,0,0,3.744726000857465,0.29120667621996243,0.29120667621996243,0,0.29120667621996243,0.29120667621996243,0,0
37512307,0,0,0,0,0,0,0.5581106265512472,0,,0,0.5581106265512472,0,0,0,0,0.5581106265512472,0,0,0.5581106265512472,0,0,0,0,0,0,0.5581106265512472,0.5581106265512472,0,0,0,0,0,0,0,0,0,0,0,0,0,0,0,0,0,0,0,0,0,0,0,0.5581106265512472,0,0,0,0,0,0,0,0,0,0,0.5581106265512472,0,0,0,0,0.5581106265512472,0,0,0,0,0,0.5581106265512472,0,0
44311302,0,0.6606342367053184,0,0,3.1433413015862843,0,1.9791036863919365,0,0,,0,0.4170323914242463,2.459501270704028,1.3183747327679725,0,2.7089521027643864,0,0.318928988903801,0.6796027491260419,1.1106686720260535,2.5771171287657024,0,0,0.7316903718683712,0.4170323914242463,3.2004616338816025,0.6101356651237635,0.9283896087011185,0,3.5713778583358695,3.4720554673684725,0,0,0,0,0.29120667621996243,0.6101356651237635,0,1.5401193213331,0.29120667621996243,2.283324098493526,1.696481550177424,1.681784046216377,1.603721349367484,4.794588834162621,0.29120667621996243,0.29120667621996243,0.29120667621996243,0,1.9833636220104482,0.36926937306885504,0.29120667621996243,3.128643797625237,2.4231833451735754,0.29120667621996243,3.178757568234716,1.7761205188953864,0,0.36067376022224085,1.2577450931062906,0.318928988903801,2.1508278105933925,1.3358077899551832,0.6101356651237635,0.9013423413437259,0.8340647828484926,0,0.29120667621996243,2.067327195115349,1.2160003217878508,1.7296417814904137,0,4.27562831058313,0.29120667621996243,0.6606342367053184
44360897,0,0,0,0,0,0,0,0,0.5581106265512472,0,,0,0,0,0,0,0,0,0,0,0,0,0,0,0,0.5581106265512472,0,0,0,0,0,0,0,0,0,0,0,0,0,0,0,0,0,0,0,0,0,0,0,0,0.5581106265512472,0,0,0,0,0,0,0,0,0,0,0.5581106265512472,0,0,0,0,0.5581106265512472,0,0,0,0,0,0,0,0
46308832,0,0,0,0,0.3459762562611936,0,0.3459762562611936,0,0,0.4170323914242463,0,,0.7630086476854399,0.7630086476854399,0,0.3459762562611936,0,0.3459762562611936,0,0,0,0,0,0,0.4170323914242463,0.3459762562611936,0,0,0,0.3459762562611936,0.3459762562611936,0,0,0,0,0,0.3459762562611936,0,0,0,0,0,0.3459762562611936,0,0.3459762562611936,0,0,0,0,0,0,0,0,0,0,0.4170323914242463,0.7630086476854399,0,0.3459762562611936,0.3459762562611936,0,0.4170323914242463,0,0,0,0.4170323914242463,0,0,0.7630086476854399,0,0,0,0.7630086476854399,0,0
47532330,0.48089834696298783,1.630063586876738,0.7644768390143213,0.2835784920513334,3.492796576414189,0.5824133524399249,5.363969622455115,0.29120667621996243,0,2.459501270704028,0,0.7630086476854399,,4.718096360208699,0.5824133524399249,7.503704624725457,0,3.665677553601267,1.6557042075369692,1.6322306844786216,4.64261102916947,0.29120667621996243,0.5824133524399249,0.7955563274071127,0.4170323914242463,4.182487935790591,1.5776415106880766,0.637182932481156,0.5824133524399249,2.9768705611022455,6.430008145806557,0.5824133524399249,0.5824133524399249,0.5824133524399249,0.29120667621996243,0.5824133524399249,3.9941362923543187,0.48089834696298783,0,0.5824133524399249,2.7210975989634894,2.3492185502808804,4.221432304880969,4.290118310019875,5.381307962723681,2.4261719052423327,0.29120667621996243,0.5824133524399249,0,0.6101356651237635,1.2787045304541242,0.29120667621996243,3.46701784276462,2.001658244963978,0.29120667621996243,1.6758009807796623,6.689242543004198,0.29120667621996243,1.9739578672315226,3.222939243092786,3.24573043171128,2.0158328209516467,1.5656401982144106,3.2582887908418448,3.5700973392442323,0.8979307383872341,0,0.29120667621996243,5.36477165118859,5.424641265364463,0.7170875848259695,0.29120667621996243,5.791663299046275,0.8894431487154206,0.6606342367053184
49636748,0,0.905164148925593,0.2835784920513334,0.2835784920513334,2.152482746530513,3.8564466978067564,5.449819862699679,2.729984538677754,0,1.3183747327679725,0,0.7630086476854399,4.718096360208699,,4.2965562509097825,5.4808993510924715,5.402929634584166,3.8295904906947236,1.2864348344681142,1.2532523843209393,4.64445298466539,3.1869185600689116,4.2965562509097825,0,0.4170323914242463,2.844016061402835,1.2083721376192218,0.5824133524399249,2.038994194078658,1.8689042544791796,3.6023436634098824,2.3958795564527717,3.426081454412857,2.681567943002607,2.72459372223496,4.598055674676407,8.474697647746707,0,0,3.8423509140177776,1.806506490269319,1.2101715834544817,2.200899342205659,3.1432594900683024,4.658287440806061,2.537394833404215,4.070244254497581,3.724267998236387,1.7288262312938276,0.9013423413437259,1.2240931378293942,4.1707305357054985,1.4918485098251941,1.229801080096777,3.7172881306328196,1.9356893811825557,5.571374569444287,3.7790375782776184,1.9096926659856965,3.1352227376227977,3.671611340317287,1.5899519123456396,0.8817128447014306,3.9753763756678144,4.2871849240702025,0.4170323914242463,0,3.078740546160269,5.450621891433155,4.623758701674083,0.29120667621996243,0,4.695573104333118,0.8894431487154206,0
50414124,0,0,0,0,0,6.000780356012569,0.5824133524399249,4.111214832279481,0,0,0,0,0.5824133524399249,4.2965562509097825,,0.5824133524399249,5.073764633768862,0.5824133524399249,0,0.29120667621996243,0.5824133524399249,3.545062871895965,6.511946044278648,0,0,0,0,0,3.120075077510967,0,0.29120667621996243,3.5334137880057326,5.206094717971121,4.423471996826576,3.7963679181490155,6.868215048086505,5.800253122880781,0,0,6.112510287427876,0,0,0,0.5824133524399249,2.7318711119595167,0.5824133524399249,5.703220695426522,5.577394980222238,2.081782355158589,0,0,5.80370697663444,0,0,4.137181890104671,0,0.5824133524399249,5.279208436398709,0,0,0.5824133524399249,0,0,0.5824133524399249,0.5824133524399249,0,0,4.946470315188521,0.5824133524399249,0.5824133524399249,0,0.6518804364422033,0.5824133524399249,0,0
50952050,0.48089834696298783,2.571382301896367,1.9235933878519513,0.9102392266268373,3.77332689686734,0.5824133524399249,7.694282716265274,0.29120667621996243,0.5581106265512472,2.7089521027643864,0,0.3459762562611936,7.503704624725457,5.4808993510924715,0.5824133524399249,,0,3.8372186748633523,2.444134684406634,1.961491451965148,6.722797247719048,0.29120667621996243,0.5824133524399249,1.212588718831359,0,6.230673076322835,2.3330719921509786,0.9283896087011185,0.5824133524399249,4.54394382641069,8.530883295270375,0.5824133524399249,0.5824133524399249,0.5824133524399249,0.29120667621996243,0.8736200286598873,4.882764998442373,0.48089834696298783,0,0.8736200286598873,4.352250348071487,2.9402121608215386,4.613185553496002,5.0148340790144745,5.47300601793699,2.545023017572844,0.5824133524399249,0.8736200286598873,0,0.9013423413437259,1.3097840188469156,0.5824133524399249,4.020409246824407,2.6681414684485825,0.5824133524399249,2.64233939766599,7.160838857668007,0.29120667621996243,2.800005597749807,4.540022097038278,3.6792395244859164,1.2039990093141846,2.07702994828857,3.9830045598364436,4.775711455201819,0.8979307383872341,0,0.5824133524399249,6.159439519593769,6.1493570343590624,0.6058646566640873,0.29120667621996243,8.547515026006844,1.600661345996826,0.6606342367053184
52729166,0,0,0,0,0,4.633655080665836,0,3.7748931750649017,0,0,0,0,0,5.402929634584166,5.073764633768862,0,,0,0,0,0,3.5876643963713364,4.727788377507668,0,0,0,0,0,2.093763774119889,0,0,2.5071024846146543,3.8008602328900922,3.435269903169793,3.4782956824021456,5.084057381315524,5.0468990742419555,0,0,4.328352620656895,0,0,0,0,2.0617412540496027,0,4.210269704875504,4.210269704875504,1.7028591734686376,0,0,4.310755986083422,0,0,3.8008602328900922,0,0,4.203289837271937,0,0,0,0,0,0,0,0,0,3.4535193246375036,0,0,0,0,0,0,0
57690689,0,0.2835784920513334,0.2835784920513334,0.2835784920513334,0.948483737216328,0.5824133524399249,3.8061391864705607,0.29120667621996243,0,0.318928988903801,0,0.3459762562611936,3.665677553601267,3.8295904906947236,0.5824133524399249,3.8372186748633523,0,,1.2864348344681142,0.6101356651237635,3.0007723084362725,0.29120667621996243,0.5824133524399249,0,0,1.6027649895555616,0.9171654613992593,0,0.5824133524399249,0.9795632256091195,2.668020267992744,0.5824133524399249,0.5824133524399249,0.5824133524399249,0.29120667621996243,0.5824133524399249,3.8295904906947236,0,0,0.5824133524399249,0.6025074809551344,0.2835784920513334,1.2881070091114366,1.4995788138391841,2.653112284095659,1.4995788138391841,0.29120667621996243,0.5824133524399249,0,0.318928988903801,0.6025074809551344,0.29120667621996243,0.6025074809551344,0.318928988903801,0.29120667621996243,0.31465798044412485,3.801868178010885,0.29120667621996243,1.2881070091114366,1.6027649895555616,2.917271692958229,0.2835784920513334,0.2835784920513334,2.9298300520887937,2.9504319242712187,0,0,0.29120667621996243,4.120797166914686,2.980078025444965,0,0.29120667621996243,3.328496317281561,0.5982364724954583,0
58555820,0,0.2835784920513334,0.2835784920513334,0.2835784920513334,0.9631812411773752,0,2.7737289562360834,0,0.5581106265512472,0.6796027491260419,0,0,1.6557042075369692,1.2864348344681142,0,2.444134684406634,0,1.2864348344681142,,0,1.8420779481563048,0,0,0,0,1.3281796057865543,1.8445454610193615,0,0,1.002856342416781,1.647108594690355,0,0,0,0,0,1.2864348344681142,0,0.36067376022224085,0,0.9631812411773752,0.6442522522735743,0.6528478651201884,1.3281796057865543,2.01637796775921,0.5982364724954583,0,0,0,0.6796027491260419,0.2835784920513334,0,0.9631812411773752,0,0,0.31465798044412485,1.6557042075369692,0,0.2835784920513334,1.4728085750874498,1.2864348344681142,0.2835784920513334,0.2835784920513334,1.2864348344681142,0.9171654613992593,0,0,0,1.6557042075369692,1.6557042075369692,0,0,3.0883869366802084,1.112134814865209,0
59105955,0,0.31465798044412485,0,0,1.3775636341147872,0.29120667621996243,1.9468886649227466,0.29120667621996243,0,1.1106686720260535,0,0,1.6322306844786216,1.2532523843209393,0.29120667621996243,1.961491451965148,0,0.6101356651237635,0,,1.9137284336097569,0,0.29120667621996243,0.4170323914242463,0.7213475204444817,1.7483474725940784,0.29120667621996243,0.29120667621996243,0.29120667621996243,0.6604760492888175,2.363921056346993,0.29120667621996243,0.29120667621996243,0.29120667621996243,0,0.29120667621996243,1.5444590605409019,0,0.36926937306885504,0.29120667621996243,0.9751340297329424,0.6196654149730135,0.9247936455678883,2.9871541014298653,2.099603460067922,1.229801080096777,0,0.29120667621996243,0,0.6604760492888175,1.3549344897924076,0,1.062905653670662,2.1273257727517607,0,1.3921664211571887,1.2255300716371007,0,0.6335869693479259,1.2532523843209393,1.2532523843209393,1.7842531741151437,0.29120667621996243,1.2532523843209393,1.5444590605409019,1.8597274323132096,0,0.29120667621996243,1.2160003217878508,1.5444590605409019,0.7716989774506997,0.29120667621996243,2.4419837531958852,0.29120667621996243,0
59477024,0,1.2511404051867867,0.2835784920513334,0.2835784920513334,2.94746376794771,0.5824133524399249,5.976472129996209,0.29120667621996243,0,2.5771171287657024,0,0,4.64261102916947,4.64445298466539,0.5824133524399249,6.722797247719048,0,3.0007723084362725,1.8420779481563048,1.9137284336097569,,0.29120667621996243,0.5824133524399249,0,0,4.303902327985027,1.3703414956784084,0.9283896087011185,0.5824133524399249,3.6881967454495643,4.210118630925962,0.5824133524399249,0.5824133524399249,0.5824133524399249,0.29120667621996243,0.8736200286598873,4.046318632015294,0,1.288053759842343,0.8736200286598873,2.9241706511400487,2.3007884769678184,2.930842475496755,4.141116182771699,5.278773279728446,2.8286015096241774,0.5824133524399249,0.8736200286598873,0,1.3123564857310206,1.593362510898249,0.5824133524399249,2.6181082835425378,2.3057204696490663,0.5824133524399249,2.594576379310599,4.32552399576159,0.29120667621996243,1.9243901699467436,4.144716930916584,3.6438890276334486,1.5421888939902482,1.6116559779925266,3.947654062983976,4.740360958349351,0,0,0.5824133524399249,4.204771317750458,4.596036388990244,0.6604760492888175,0.29120667621996243,6.3275940224148055,1.8842398380481593,0.3459762562611936
64533566,0,0,0,0,0,3.444576590688047,0.29120667621996243,2.7363375230438383,0,0,0,0,0.29120667621996243,3.1869185600689116,3.545062871895965,0.29120667621996243,3.5876643963713364,0.29120667621996243,0,0,0.29120667621996243,,3.199086615634771,0,0,0,0,0,2.3849704503398512,0,0,2.0562562845576635,2.6745880753990394,2.687920927368692,2.7309467066010447,3.5553556194426266,3.2269906361490954,0,0,3.1785740404739493,0,0,0,0.29120667621996243,1.715764997788409,0.29120667621996243,2.681567943002607,3.027544199263801,1.0102797777087678,0,0,2.7820542242105244,0,0,2.6745880753990394,0,0.29120667621996243,3.027544199263801,0,0,0.29120667621996243,0,0,0.29120667621996243,0.29120667621996243,0,0,2.0360404909264886,0.29120667621996243,0.29120667621996243,0,0,0.29120667621996243,0,0
65575147,0,0,0,0,0,6.212914726302624,0.5824133524399249,4.323349202569535,0,0,0,0,0.5824133524399249,4.2965562509097825,6.511946044278648,0.5824133524399249,4.727788377507668,0.5824133524399249,0,0.29120667621996243,0.5824133524399249,3.199086615634771,,0,0,0,0,0,2.7740988212497735,0,0.29120667621996243,3.533413788005732,5.4182290882611746,4.077495740565382,3.4503916618878216,7.080349418376558,5.454276866619587,0,0,5.766534031166682,0,0,0,0.5824133524399249,2.385894855698323,0.5824133524399249,5.357244439165328,5.231418723961045,1.7479741544632545,0,0,6.1375151773297745,0,0,3.791205633843478,0,0.5824133524399249,5.491342806688762,0,0,0.5824133524399249,0,0,0.5824133524399249,0.5824133524399249,0,0,4.600494058927328,0.5824133524399249,0.5824133524399249,0,0.6518804364422033,0.5824133524399249,0,0
67942164,0,0.31465798044412485,0,0,0.31465798044412485,0,0.31465798044412485,0,0,0.7316903718683712,0,0,0.7955563274071127,0,0,1.212588718831359,0,0,0,0.4170323914242463,0,0,0,,0,0.4170323914242463,0,0,0,0.31465798044412485,1.212588718831359,0,0,0,0,0,0,0.48089834696298783,0,0,0.7955563274071127,0.31465798044412485,0.31465798044412485,0.31465798044412485,0.7316903718683712,0,0,0,0,0,0,0,0.31465798044412485,0.7316903718683712,0,0.4170323914242463,0.7955563274071127,0,0,0.31465798044412485,0,0.31465798044412485,0.31465798044412485,0,0,0.8979307383872341,0,0,0.31465798044412485,0.31465798044412485,0.31465798044412485,0,0.4170323914242463,1.4426950408889634,0.31465798044412485
69951508,0,0,0,0,0,0,0,0,0,0.4170323914242463,0,0.4170323914242463,0.4170323914242463,0.4170323914242463,0,0,0,0,0,0.7213475204444817,0,0,0,0,,0,0,0,0,0,0,0,0,0,0,0,0,0,0,0,0,0,0,0,0,0,0,0,0,0,0.7213475204444817,0,0,0,0,0.4170323914242463,0.4170323914242463,0,0,0,0,1.1383799118687281,0,0,0,0.4170323914242463,0,0,0.4170323914242463,0,0,0,0.4170323914242463,0,0
77657479,0.48089834696298783,1.630063586876738,0.7644768390143213,0.2835784920513334,5.7390443994340945,0,3.259301214249806,0,0.5581106265512472,3.2004616338816025,0.5581106265512472,0.3459762562611936,4.182487935790591,2.844016061402835,0,6.230673076322835,0,1.6027649895555616,1.3281796057865543,1.7483474725940784,4.303902327985027,0,0,0.4170323914242463,0,,0.9675058455643133,0.637182932481156,0,3.507521206948667,6.567997652166274,0,0,0,0,0.29120667621996243,2.245881708752737,0,1.351278067850708,0.29120667621996243,3.9600799808830396,2.523480143117607,3.835779775569829,3.613259104488773,5.567016119634298,1.5525518765824453,0.29120667621996243,0.29120667621996243,0,1.0211498095110585,2.1514731374494964,0.29120667621996243,4.088312095188781,2.4315461848533504,0.29120667621996243,3.7760315109777465,3.4163674329411293,0,3.0835840898011404,3.583613003315027,1.899905452491544,2.2433873262247848,1.754743783675816,2.1911121287115063,2.1911121287115063,0.4170323914242463,0.5581106265512472,0.29120667621996243,3.753415659525143,2.9066090880053386,0.6604760492888175,0,7.197590836605528,0.5982364724954583,0.3459762562611936
78543018,0,0.2835784920513334,0.2835784920513334,0.2835784920513334,0.8937141571750968,0,2.301992503758187,0,0.5581106265512472,0.6101356651237635,0,0,1.5776415106880766,1.2083721376192218,0,2.3330719921509786,0,0.9171654613992593,1.8445454610193615,0.29120667621996243,1.3703414956784084,0,0,0,0,0.9675058455643133,,0.29120667621996243,0,1.7749613655997312,1.5776415106880766,0,0,0,0,0,1.2083721376192218,0,0,0,0.8937141571750968,0.5747851682712959,0.9440545413401509,1.2587125217842758,1.5776415106880766,0.8894431487154206,0,0,0,0.6101356651237635,0.2835784920513334,0,0.8937141571750968,0.29120667621996243,0,0.6058646566640873,1.5776415106880766,0,0.2835784920513334,1.3703414956784084,0.9171654613992593,0.5747851682712959,0.5747851682712959,0.9171654613992593,1.6892704845822095,0,0,0,1.5776415106880766,1.5776415106880766,0,0,1.8445454610193615,1.3703414956784084,0
81118042,0,0.3459762562611936,0,0,0.5824133524399249,0,0.5824133524399249,0,0,0.9283896087011185,0,0,0.637182932481156,0.5824133524399249,0,0.9283896087011185,0,0,0,0.29120667621996243,0.9283896087011185,0,0,0,0,0.637182932481156,0.29120667621996243,,0,0.9283896087011185,0.9283896087011185,0,0,0,0,0.29120667621996243,0.29120667621996243,0,0,0.29120667621996243,0.9283896087011185,0.29120667621996243,0.637182932481156,0.9283896087011185,0.637182932481156,0.29120667621996243,0.29120667621996243,0.29120667621996243,0,0.5824133524399249,0,0.29120667621996243,0.9283896087011185,0.9283896087011185,0.29120667621996243,0.9283896087011185,0.29120667621996243,0,0,0.5824133524399249,0,0.5824133524399249,0.29120667621996243,0.29120667621996243,0.5824133524399249,0,0,0.29120667621996243,0.5824133524399249,0.5824133524399249,0.29120667621996243,0,0.637182932481156,0.29120667621996243,0.3459762562611936
84066939,0,0,0,0,0,3.0368508867820547,0.5824133524399249,1.967938058915605,0,0,0,0,0.5824133524399249,2.038994194078658,3.120075077510967,0.5824133524399249,2.093763774119889,0.5824133524399249,0,0.29120667621996243,0.5824133524399249,2.3849704503398512,2.7740988212497735,0,0,0,0,0,,0,0.29120667621996243,2.6908746305208613,3.0368508867820547,2.2801952234627,2.745644210562092,3.1303678250576286,2.8020028417640974,0,0,3.1142600063111923,0,0,0,0.5824133524399249,1.300321657524937,0.5824133524399249,2.745644210562092,2.6198184953578085,0.6573236538440066,0,0,2.0658597536055647,0,0,1.967938058915605,0,0.5824133524399249,2.328611819137846,0,0,0.5824133524399249,0,0,0.5824133524399249,0.5824133524399249,0,0,2.4060209386669835,0.5824133524399249,0.5824133524399249,0,0.6518804364422033,0.5824133524399249,0,0
85219118,0,0.9675619131354534,0,0,2.96811676083913,0,2.7190719745110226,0,0,3.5713778583358695,0,0.3459762562611936,2.9768705611022455,1.8689042544791796,0,4.54394382641069,0,0.9795632256091195,1.002856342416781,0.6604760492888175,3.6881967454495643,0,0,0.31465798044412485,0,3.507521206948667,1.7749613655997312,0.9283896087011185,0,,3.756117803017566,0,0,0,0,0.29120667621996243,1.2707699018290821,0,0.9273799996201022,0.29120667621996243,3.033141869673527,1.642735466385318,2.7039573519765603,2.2339026190883584,4.264924320944589,0.9127923330942221,0.29120667621996243,0.29120667621996243,0,1.9919592348570623,0.67619704949899,0.29120667621996243,3.041737482520141,1.9729907224363394,0.29120667621996243,2.279918398866474,2.261624931772197,0,1.447872174816821,2.345531592982491,0.6335869693479259,1.5732683823830396,2.07702994828857,0.9247936455678883,1.6968986687508387,0,0,0.29120667621996243,2.9871260898954115,2.2068553517309657,1.696481550177424,0,4.384560822403715,1.086763003627075,0.6606342367053184
90572207,0.48089834696298783,1.637793890890728,0.7644768390143213,0.2835784920513334,4.5130810770926235,0.29120667621996243,5.025923077302785,0.29120667621996243,0,3.4720554673684725,0,0.3459762562611936,6.430008145806557,3.6023436634098824,0.29120667621996243,8.530883295270375,0,2.668020267992744,1.647108594690355,2.363921056346993,4.210118630925962,0,0.29120667621996243,1.212588718831359,0,6.567997652166274,1.5776415106880766,0.9283896087011185,0.29120667621996243,3.756117803017566,,0.29120667621996243,0.29120667621996243,0.29120667621996243,0,0.5824133524399249,3.6023436634098824,0.48089834696298783,0.36067376022224085,0.5824133524399249,4.689574923914926,3.277536736664978,4.5898363691172,4.658522374256107,5.4536195798421385,1.8280375525922352,0.29120667621996243,0.5824133524399249,0,1.2620161015659668,1.2864348344681142,0.29120667621996243,4.760163427049691,3.070571072830427,0.29120667621996243,2.335411721235855,5.282283169985418,0,2.7766564133710054,3.8825499835489796,2.5100411176153075,1.583079429317228,2.0536807639097683,2.80124779383527,3.0924544700552326,0.8979307383872341,0,0.5824133524399249,4.683313436293026,4.270801346676474,1.0082942610459318,0.29120667621996243,7.554784188022312,0.8894431487154206,0.6606342367053184
94074277,0,0,0,0,0,2.67627184347846,0.5824133524399249,1.9615850745495202,0,0,0,0,0.5824133524399249,2.3958795564527717,3.5334137880057326,0.5824133524399249,2.5071024846146543,0.5824133524399249,0,0.29120667621996243,0.5824133524399249,2.0562562845576635,3.533413788005732,0,0,0,0,0,2.6908746305208613,0,0.29120667621996243,,3.03049790241597,2.273842239096615,2.322258834771761,3.543706535552394,3.215341552258863,0,0,3.527598716805958,0,0,0,0.5824133524399249,0.9543454012637435,0.5824133524399249,3.141720830577852,3.0158951153735685,0.9969469257391151,0,0,3.24220711178577,0,0,1.9615850745495202,0,0.5824133524399249,2.724688439153606,0,0,0.5824133524399249,0,0,0.5824133524399249,0.5824133524399249,0,0,2.3996679543008987,0.5824133524399249,0.5824133524399249,0,0.6518804364422033,0.5824133524399249,0,0
97936953,0,0,0,0,0,5.341357881898348,0.5824133524399249,4.27125435397135,0,0,0,0,0.5824133524399249,3.426081454412857,5.206094717971121,0.5824133524399249,3.8008602328900922,0.5824133524399249,0,0.29120667621996243,0.5824133524399249,2.6745880753990394,5.4182290882611746,0,0,0,0,0,3.0368508867820547,0,0.29120667621996243,3.03049790241597,,4.025400891967197,3.7131437274201033,5.774498092069031,4.14842554031206,0,0,4.4606827048591535,0,0,0,0.5824133524399249,2.3529479302695653,0.5824133524399249,4.902719986185299,4.776894270981016,1.7288262312938276,0,0,4.568911785489965,0,0,4.470990090800005,0,0.5824133524399249,5.036818353708733,0,0,0.5824133524399249,0,0,0.5824133524399249,0.5824133524399249,0,0,4.548399210329142,0.5824133524399249,0.5824133524399249,0,0.6518804364422033,0.5824133524399249,0,0
98415070,0,0,0,0,0,4.417656925626801,0.5824133524399249,4.105399761079706,0,0,0,0,0.5824133524399249,2.681567943002607,4.423471996826576,0.5824133524399249,3.435269903169793,0.5824133524399249,0,0.29120667621996243,0.5824133524399249,2.687920927368692,4.077495740565382,0,0,0,0,0,2.2801952234627,0,0.29120667621996243,2.273842239096615,4.025400891967197,,3.3735204555249947,4.433764744373238,3.744726000857465,0,0,4.396606437299669,0,0,0,0.5824133524399249,2.392247840064408,0.5824133524399249,4.120097265040754,4.411303941260716,1.7028591734686376,0,0,3.7862890643454197,0,0,3.3735204555249947,0,0.5824133524399249,4.113117397437186,0,0,0.5824133524399249,0,0,0.5824133524399249,0.5824133524399249,0,0,4.105399761079706,0.5824133524399249,0.5824133524399249,0,0.6518804364422033,0.5824133524399249,0,0
100009716,0,0,0,0,0,3.7905528469492404,0.29120667621996243,3.0612632909779,0,0,0,0,0.29120667621996243,2.72459372223496,3.7963679181490155,0.29120667621996243,3.4782956824021456,0.29120667621996243,0,0,0.29120667621996243,2.7309467066010447,3.4503916618878216,0,0,0,0,0,2.745644210562092,0,0,2.322258834771761,3.7131437274201033,3.3735204555249947,,3.806660665695677,3.4782956824021456,0,0,3.7905528469492404,0,0,0,0.29120667621996243,1.701067493827362,0.29120667621996243,3.3671674711589095,3.3671674711589095,1.3499030496038764,0,0,3.033359270463575,0,0,3.3524699671978624,0,0.29120667621996243,3.360187603555342,0,0,0.29120667621996243,0,0,0.29120667621996243,0.29120667621996243,0,0,3.082313779305032,0.29120667621996243,0.29120667621996243,0,0.36067376022224085,0.29120667621996243,0,0
100972862,0,0,0,0,0.29120667621996243,6.5691837301104785,0.8736200286598873,4.67961820637739,0,0.29120667621996243,0,0,0.5824133524399249,4.598055674676407,6.868215048086505,0.8736200286598873,5.084057381315524,0.5824133524399249,0,0.29120667621996243,0.8736200286598873,3.5553556194426266,7.080349418376558,0,0,0.29120667621996243,0,0.29120667621996243,3.1303678250576286,0.29120667621996243,0.5824133524399249,3.543706535552394,5.774498092069031,4.433764744373238,3.806660665695677,,5.810545870427442,0,0,6.414009711194501,0.29120667621996243,0,0,0.8736200286598873,2.408355658810844,0.5824133524399249,6.004720119193146,5.878894403988863,1.7582669020099162,0.29120667621996243,0,6.105206400401064,0.29120667621996243,0.29120667621996243,4.438681313871295,0.29120667621996243,0.5824133524399249,5.847611810496619,0,0.29120667621996243,0.5824133524399249,0.29120667621996243,0,0.8736200286598873,0.8736200286598873,0,0,5.247969738955145,0.8736200286598873,0.8736200286598873,0.29120667621996243,0.6518804364422033,0.8736200286598873,0,0
109807341,0,0.5982364724954583,0.2835784920513334,0.2835784920513334,1.554348393880415,4.943111178353509,4.851685510049582,4.084349272752574,0,0.6101356651237635,0,0.3459762562611936,3.9941362923543187,8.474697647746707,5.800253122880781,4.882764998442373,5.0468990742419555,3.8295904906947236,1.2864348344681142,1.5444590605409019,4.046318632015294,3.2269906361490954,5.454276866619587,0,0,2.245881708752737,1.2083721376192218,0.29120667621996243,2.8020028417640974,1.2707699018290821,3.6023436634098824,3.215341552258863,4.14842554031206,3.744726000857465,3.4782956824021456,5.810545870427442,,0,0,5.415514869991054,1.2083721376192218,0.903243907024347,1.8939716657755241,2.545125137418205,5.352768374585986,2.23046715697408,4.64555151776746,4.519725802563177,1.7028591734686376,0.6101356651237635,0.9171654613992593,4.746037798975378,0.8937141571750968,0.9385944038768145,3.4401864726678513,0.9205226371082121,4.847414501589906,4.221539258739647,1.6027649895555616,2.5370883849726997,3.671611340317287,0.5747851682712959,0.5747851682712959,3.684169699447852,3.9959782478502395,0,0,4.540681573971663,4.435455147358811,4.025624349023986,0,0.29120667621996243,3.680406360258775,0.8894431487154206,0
110510764,0,0,0,0,0,0,0,0,0,0,0,0,0.48089834696298783,0,0,0.48089834696298783,0,0,0,0,0,0,0,0.48089834696298783,0,0,0,0,0,0,0.48089834696298783,0,0,0,0,0,0,,0,0,0.48089834696298783,0,0,0,0,0,0,0,0,0,0,0,0,0,0,0,0.48089834696298783,0,0,0,0,0,0,0,0,0.48089834696298783,0,0,0,0,0,0,0,0,0
132077835,0,0,0,0,0.729943133291096,0,0.36067376022224085,0,0,1.5401193213331,0,0,0,0,0,0,0,0,0.36067376022224085,0.36926937306885504,1.288053759842343,0,0,0,0,1.351278067850708,0,0,0,0.9273799996201022,0.36067376022224085,0,0,0,0,0,0,0,,0,0.729943133291096,0.36067376022224085,0,0.36067376022224085,1.909388694401955,0,0,0,0,0.729943133291096,0,0,0.729943133291096,0.36926937306885504,0,0.990604307628467,0,0,0,0.36067376022224085,0,0.36926937306885504,0,0,0,0,0,0,0,0,0.36926937306885504,0,1.288053759842343,0,0
132094466,0,0,0,0,0.29120667621996243,5.255368342900603,0.8736200286598873,3.744726000857465,0,0.29120667621996243,0,0,0.5824133524399249,3.8423509140177776,6.112510287427876,0.8736200286598873,4.328352620656895,0.5824133524399249,0,0.29120667621996243,0.8736200286598873,3.1785740404739493,5.766534031166682,0,0,0.29120667621996243,0,0.29120667621996243,3.1142600063111923,0.29120667621996243,0.5824133524399249,3.527598716805958,4.4606827048591535,4.396606437299669,3.7905528469492404,6.414009711194501,5.415514869991054,0,0,,0.29120667621996243,0,0,0.8736200286598873,2.031574079842167,0.5824133524399249,5.249015358534517,5.123189643330234,2.081782355158589,0.29120667621996243,0,5.349501639742435,0.29120667621996243,0.29120667621996243,3.682976553212667,0.29120667621996243,0.5824133524399249,4.533796423286742,0,0.29120667621996243,0.5824133524399249,0.29120667621996243,0,0.8736200286598873,0.8736200286598873,0,0,5.192562010413867,0.8736200286598873,0.8736200286598873,0.29120667621996243,0.6518804364422033,0.8736200286598873,0,0
134292524,0,1.9447215673208629,0.2835784920513334,0.2835784920513334,3.590704545916732,0,2.481838230935685,0,0,2.283324098493526,0,0,2.7210975989634894,1.806506490269319,0,4.352250348071487,0,0.6025074809551344,0.9631812411773752,0.9751340297329424,2.9241706511400487,0,0,0.7955563274071127,0,3.9600799808830396,0.8937141571750968,0.9283896087011185,0,3.033141869673527,4.689574923914926,0,0,0,0,0.29120667621996243,1.2083721376192218,0.48089834696298783,0.729943133291096,0.29120667621996243,,2.4316166879597882,2.217678822073115,2.8878086799830287,2.951892963823887,0.8817128447014306,0.29120667621996243,0.29120667621996243,0,1.6312854746348218,0.905164148925593,0.29120667621996243,4.209541885784563,1.9729907224363394,0.29120667621996243,2.2799183988664744,2.689779323146421,0,2.079055572741037,2.5418324237218353,0.9171654613992593,1.856846874434373,1.991339067271048,1.2083721376192216,1.4995788138391841,0.48089834696298783,0,0.29120667621996243,2.555458952616696,2.5000876524033955,0.9751340297329424,0,4.27900896978684,0.5747851682712959,0.6606342367053184
136835077,0,0.905164148925593,0.2835784920513334,0.2835784920513334,2.2869877186588923,0,1.8855033241208479,0,0,1.696481550177424,0,0,2.3492185502808804,1.2101715834544817,0,2.9402121608215386,0,0.2835784920513334,0.6442522522735743,0.6196654149730135,2.3007884769678184,0,0,0.31465798044412485,0,2.523480143117607,0.5747851682712959,0.29120667621996243,0,1.642735466385318,3.277536736664978,0,0,0,0,0,0.903243907024347,0,0.36067376022224085,0,2.4316166879597882,,2.3814335717500703,2.3406229374342664,2.6154464574119434,1.2101715834544817,0,0,0,0.6518804364422033,0.9597755415503233,0,2.8953319141198213,1.2949971556393791,0,0.9588081128723381,1.9799491772120255,0,0.951179928703709,1.8855033241208479,0.6120372308043844,1.1963708251455556,1.9263139584366513,0.6120372308043844,0.903243907024347,0,0,0,1.1963708251455556,1.9799491772120255,0.31465798044412485,0,2.523480143117607,0.5747851682712959,0.31465798044412485
138147021,0.48089834696298783,1.5657983856309117,0.7644768390143213,0.2835784920513334,3.067846542104958,0,2.884826695718639,0,0,1.681784046216377,0,0.3459762562611936,4.221432304880969,2.200899342205659,0,4.613185553496002,0,1.2881070091114366,0.6528478651201884,0.9247936455678883,2.930842475496755,0,0,0.31465798044412485,0,3.835779775569829,0.9440545413401509,0.637182932481156,0,2.7039573519765603,4.5898363691172,0,0,0,0,0,1.8939716657755241,0,0,0,2.217678822073115,2.3814335717500703,,3.000323037136949,3.3271591159230023,1.2006418336052318,0,0,0,0.29120667621996243,1.593362510898249,0,2.366736067789023,1.631443662051323,0,1.6194423495776569,3.0210173201282564,0,2.2703664262079375,2.515557322649784,1.256788733294368,1.1963708251455556,1.9263139584366513,1.256788733294368,1.5479954095143302,0,0,0,2.884826695718639,2.6543467808757555,0.31465798044412485,0,3.354881428606841,0.5747851682712959,0.6606342367053184
138851931,0,1.9447215673208629,0.2835784920513334,0.2835784920513334,2.5418324237218353,0.5824133524399249,4.1644092995793605,0.29120667621996243,0,1.603721349367484,0,0,4.290118310019875,3.1432594900683024,0.5824133524399249,5.0148340790144745,0,1.4995788138391841,1.3281796057865543,2.9871541014298653,4.141116182771699,0.29120667621996243,0.5824133524399249,0.31465798044412485,0,3.613259104488773,1.2587125217842758,0.9283896087011185,0.5824133524399249,2.2339026190883584,4.658522374256107,0.5824133524399249,0.5824133524399249,0.5824133524399249,0.29120667621996243,0.8736200286598873,2.545125137418205,0,0.36067376022224085,0.8736200286598873,2.8878086799830287,2.3406229374342664,3.000323037136949,,3.206613610114984,2.8286015096241774,0.5824133524399249,0.8736200286598873,0,0.9430871126621657,1.2240931378293942,0.5824133524399249,3.0282703128523227,1.8904353168020958,0.5824133524399249,1.8646332460195034,4.34230064968085,0.29120667621996243,1.6030163195193454,3.503878131822812,2.545125137418205,1.487577501365518,1.1963708251455556,2.8363318136381674,3.12753848985813,0,0,0.5824133524399249,3.387505176666349,4.952436314804614,0.6058646566640873,0.29120667621996243,4.195672456928698,0.8894431487154206,0.6606342367053184
140420515,0,1.2511404051867867,0.2835784920513334,0.2835784920513334,5.068125649804676,2.7318711119595167,4.712078113171748,2.7318711119595167,0,4.794588834162621,0,0.3459762562611936,5.381307962723681,4.658287440806061,2.7318711119595167,5.47300601793699,2.0617412540496027,2.653112284095659,2.01637796775921,2.099603460067922,5.278773279728446,1.715764997788409,2.385894855698323,0.7316903718683712,0,5.567016119634298,1.5776415106880766,0.637182932481156,1.300321657524937,4.264924320944589,5.4536195798421385,0.9543454012637435,2.3529479302695653,2.392247840064408,1.701067493827362,2.408355658810844,5.352768374585986,0,1.909388694401955,2.031574079842167,2.951892963823887,2.6154464574119434,3.3271591159230023,3.206613610114984,,1.816036240118569,2.0946881794783607,2.385894855698323,0.32351545314867247,1.3400787984148592,0.9597755415503233,2.0946881794783603,3.797212662955598,2.829704780775519,2.0617412540496027,3.4613735305336215,4.697927210915039,2.440664435739554,1.6367794568600114,2.885760832721275,2.6355947665875163,2.402364284499507,1.9263139584366513,2.2457235213362363,2.557532069738624,0.4170323914242463,0,2.031574079842167,4.369468472161989,3.578033200855485,1.0863569578948244,0.29120667621996243,7.795865680827234,0.8894431487154206,0.6606342367053184
143312600,0,0.5905061684814683,0.2835784920513334,0.2835784920513334,0.8817128447014306,0.5824133524399249,2.5139435291800525,0.29120667621996243,0,0.29120667621996243,0,0,2.4261719052423327,2.537394833404215,0.5824133524399249,2.545023017572844,0,1.4995788138391841,0.5982364724954583,1.229801080096777,2.8286015096241774,0.29120667621996243,0.5824133524399249,0,0,1.5525518765824453,0.8894431487154206,0.29120667621996243,0.5824133524399249,0.9127923330942221,1.8280375525922352,0.5824133524399249,0.5824133524399249,0.5824133524399249,0.29120667621996243,0.5824133524399249,2.23046715697408,0,0,0.5824133524399249,0.8817128447014306,1.2101715834544817,1.2006418336052318,2.8286015096241774,1.816036240118569,,0.29120667621996243,0.5824133524399249,0,0.29120667621996243,0.9094351573852693,0.29120667621996243,0.8817128447014306,0.9385944038768145,0.29120667621996243,0.9127923330942221,2.5096725207203763,0.29120667621996243,0.9094351573852693,1.8437585528024076,2.23046715697408,0.8817128447014306,0.8817128447014306,2.23046715697408,2.5216738331940425,0,0,0.29120667621996243,2.0977131664892816,2.8286015096241774,0,0.29120667621996243,2.13496522902237,0.8894431487154206,0
144520879,0,0,0,0,0.29120667621996243,5.280373232802501,0.5824133524399249,3.8078401004936593,0,0.29120667621996243,0,0,0.29120667621996243,4.070244254497581,5.703220695426522,0.5824133524399249,4.210269704875504,0.29120667621996243,0,0,0.5824133524399249,2.681567943002607,5.357244439165328,0,0,0.29120667621996243,0,0.29120667621996243,2.745644210562092,0.29120667621996243,0.29120667621996243,3.141720830577852,4.902719986185299,4.120097265040754,3.3671674711589095,6.004720119193146,4.64555151776746,0,0,5.249015358534517,0.29120667621996243,0,0,0.5824133524399249,2.0946881794783607,0.29120667621996243,,5.565226924656378,2.081782355158589,0.29120667621996243,0,5.648451115385291,0.29120667621996243,0.29120667621996243,4.416220510758774,0.29120667621996243,0.29120667621996243,5.2670403808328485,0,0.29120667621996243,0.29120667621996243,0.29120667621996243,0,0.5824133524399249,0.5824133524399249,0,0,4.934302259622662,0.5824133524399249,0.5824133524399249,0.29120667621996243,0.36067376022224085,0.5824133524399249,0,0
144532083,0,0,0,0,0.29120667621996243,5.571579909022463,0.8736200286598873,4.099046776713622,0,0.29120667621996243,0,0,0.5824133524399249,3.724267998236387,5.577394980222238,0.8736200286598873,4.210269704875504,0.5824133524399249,0,0.29120667621996243,0.8736200286598873,3.027544199263801,5.231418723961045,0,0,0.29120667621996243,0,0.29120667621996243,2.6198184953578085,0.29120667621996243,0.5824133524399249,3.0158951153735685,4.776894270981016,4.411303941260716,3.3671674711589095,5.878894403988863,4.519725802563177,0,0,5.123189643330234,0.29120667621996243,0,0,0.8736200286598873,2.385894855698323,0.5824133524399249,5.565226924656378,,2.081782355158589,0.29120667621996243,0,5.231418723961045,0.29120667621996243,0.29120667621996243,4.416220510758774,0.29120667621996243,0.5824133524399249,5.267040380832849,0,0.29120667621996243,0.5824133524399249,0.29120667621996243,0,0.8736200286598873,0.8736200286598873,0,0,4.808476544418378,0.8736200286598873,0.8736200286598873,0.29120667621996243,0.6518804364422033,0.8736200286598873,0,0
149558610,0,0,0,0,0,1.7421590832634801,0,1.7028591734686376,0,0,0,0,0,1.7288262312938276,2.081782355158589,0,1.7028591734686376,0,0,0,0,1.0102797777087678,1.7479741544632545,0,0,0,0,0,0.6573236538440066,0,0,0.9969469257391151,1.7288262312938276,1.7028591734686376,1.3499030496038764,1.7582669020099162,1.7028591734686376,0,0,2.081782355158589,0,0,0,0,0.32351545314867247,0,2.081782355158589,2.081782355158589,,0,0,1.7479741544632545,0,0,1.7288262312938276,0,0,1.7288262312938276,0,0,0,0,0,0,0,0,0,2.081782355158589,0,0,0,0,0,0,0
151546590,0,0,0,0,1.6312854746348218,0,1.2620161015659668,0,0,1.9833636220104482,0,0,0.6101356651237635,0.9013423413437259,0,0.9013423413437259,0,0.318928988903801,0.6796027491260419,0.6604760492888175,1.3123564857310206,0,0,0,0,1.0211498095110585,0.6101356651237635,0.5824133524399249,0,1.9919592348570623,1.2620161015659668,0,0,0,0,0.29120667621996243,0.6101356651237635,0,0.729943133291096,0.29120667621996243,1.6312854746348218,0.6518804364422033,0.29120667621996243,0.9430871126621657,1.3400787984148592,0.29120667621996243,0.29120667621996243,0.29120667621996243,0,,0,0.29120667621996243,1.6312854746348218,0.95168272550878,0.29120667621996243,0.95168272550878,0.6101356651237635,0,0,0.9430871126621657,0.318928988903801,0.95168272550878,0.29120667621996243,0.6101356651237635,0.9013423413437259,0,0,0.29120667621996243,0.9013423413437259,0.9013423413437259,1.381823569733299,0,1.3400787984148592,0.29120667621996243,0
152037974,0,0.905164148925593,0.2835784920513334,0.2835784920513334,1.2744335219944483,0,1.2240931378293942,0,0.5581106265512472,0.36926937306885504,0.5581106265512472,0,1.2787045304541242,1.2240931378293942,0,1.3097840188469156,0,0.6025074809551344,0.2835784920513334,1.3549344897924076,1.593362510898249,0,0,0,0.7213475204444817,2.1514731374494964,0.2835784920513334,0,0,0.67619704949899,1.2864348344681142,0,0,0,0,0,0.9171654613992593,0,0,0,0.905164148925593,0.9597755415503233,1.593362510898249,1.2240931378293942,0.9597755415503233,0.9094351573852693,0,0,0,0,,0,0.9597755415503233,0.318928988903801,0,0.6215856568742597,0.905164148925593,0,1.2240931378293942,1.2240931378293942,0.9171654613992593,1.8699643154771972,0.9597755415503233,0.9171654613992593,0.9171654613992593,0,0.5581106265512472,0,1.2240931378293942,1.2240931378293942,0,0,1.593362510898249,0.2835784920513334,0
152601985,0,0,0,0,0.29120667621996243,4.946565032107166,0.5824133524399249,3.474031899798325,0,0.29120667621996243,0,0,0.29120667621996243,4.1707305357054985,5.80370697663444,0.5824133524399249,4.310755986083422,0.29120667621996243,0,0,0.5824133524399249,2.7820542242105244,6.1375151773297745,0,0,0.29120667621996243,0,0.29120667621996243,2.0658597536055647,0.29120667621996243,0.29120667621996243,3.24220711178577,4.568911785489965,3.7862890643454197,3.033359270463575,6.105206400401064,4.746037798975378,0,0,5.349501639742435,0.29120667621996243,0,0,0.5824133524399249,2.0946881794783603,0.29120667621996243,5.648451115385291,5.231418723961045,1.7479741544632545,0.29120667621996243,0,,0.29120667621996243,0.29120667621996243,4.08241231006344,0.29120667621996243,0.29120667621996243,4.933232180137515,0,0.29120667621996243,0.29120667621996243,0.29120667621996243,0,0.5824133524399249,0.5824133524399249,0,0,4.600494058927328,0.5824133524399249,0.5824133524399249,0.29120667621996243,0.36067376022224085,0.5824133524399249,0,0
153502301,0,1.630063586876738,0.2835784920513334,0.2835784920513334,4.121366264604317,0,2.5696098548734048,0,0,3.128643797625237,0,0,3.46701784276462,1.4918485098251941,0,4.020409246824407,0,0.6025074809551344,0.9631812411773752,1.062905653670662,2.6181082835425378,0,0,0.31465798044412485,0,4.088312095188781,0.8937141571750968,0.9283896087011185,0,3.0417374825201415,4.760163427049691,0,0,0,0,0.29120667621996243,0.8937141571750968,0,0.729943133291096,0.29120667621996243,4.209541885784563,2.8953319141198213,2.366736067789023,3.0282703128523227,3.797212662955598,0.8817128447014306,0.29120667621996243,0.29120667621996243,0,1.6312854746348218,0.9597755415503233,0.29120667621996243,,2.014746566595943,0.29120667621996243,2.0388811401033604,2.783637090955978,0,1.4037238320746712,2.2271744432777103,0.6025074809551344,2.6935709607194696,1.9999346801176623,0.8937141571750968,1.1849208333950592,0,0,0.29120667621996243,2.675095454075823,2.640549285272689,1.3775636341147868,0,4.809670688474426,0.5747851682712959,0.6606342367053184
158109081,0,0.6606342367053184,0,0,2.0294440705569903,0,1.9468886649227466,0,0,2.4231833451735754,0,0,2.001658244963978,1.229801080096777,0,2.6681414684485825,0,0.318928988903801,0,2.1273257727517607,2.3057204696490663,0,0,0.7316903718683712,0,2.4315461848533504,0.29120667621996243,0.9283896087011185,0,1.9729907224363394,3.070571072830427,0,0,0,0,0.29120667621996243,0.9385944038768145,0,0.36926937306885504,0.29120667621996243,1.9729907224363394,1.2949971556393791,1.631443662051323,1.8904353168020958,2.829704780775519,0.9385944038768145,0.29120667621996243,0.29120667621996243,0,0.95168272550878,0.318928988903801,0.29120667621996243,2.014746566595943,,0.29120667621996243,2.0753651334164607,0.9343233954171384,0,0.6796027491260419,1.5444590605409019,0.647387727656852,1.6687703103347493,0.9665384168863281,0.9385944038768145,1.229801080096777,0.4170323914242463,0,0.29120667621996243,1.2160003217878508,1.5444590605409019,1.3775636341147868,0,2.8339757892351947,0.29120667621996243,0.6606342367053184
164172344,0,0,0,0,0.29120667621996243,4.131366818904897,0.5824133524399249,3.421937051200141,0,0.29120667621996243,0,0,0.29120667621996243,3.7172881306328196,4.137181890104671,0.5824133524399249,3.8008602328900922,0.29120667621996243,0,0,0.5824133524399249,2.6745880753990394,3.791205633843478,0,0,0.29120667621996243,0,0.29120667621996243,1.967938058915605,0.29120667621996243,0.29120667621996243,1.9615850745495202,4.470990090800005,3.3735204555249947,3.3524699671978624,4.438681313871295,3.4401864726678513,0,0,3.682976553212667,0.29120667621996243,0,0,0.5824133524399249,2.0617412540496027,0.29120667621996243,4.416220510758774,4.416220510758774,1.7288262312938276,0.29120667621996243,0,4.08241231006344,0.29120667621996243,0.29120667621996243,,0.29120667621996243,0.29120667621996243,4.118033966935244,0,0.29120667621996243,0.29120667621996243,0.29120667621996243,0,0.5824133524399249,0.5824133524399249,0,0,3.7706930586826557,0.5824133524399249,0.5824133524399249,0.29120667621996243,0,0.5824133524399249,0,0
165487341,0,0.9675619131354533,0,0,2.368236624508532,0,1.2039990093141846,0,0,3.178757568234716,0,0.4170323914242463,1.6758009807796623,1.9356893811825557,0,2.64233939766599,0,0.31465798044412485,0.31465798044412485,1.3921664211571887,2.594576379310599,0,0,0.4170323914242463,0.4170323914242463,3.7760315109777465,0.6058646566640873,0.9283896087011185,0,2.279918398866474,2.335411721235855,0,0,0,0,0.29120667621996243,0.9205226371082121,0,0.990604307628467,0.29120667621996243,2.2799183988664744,0.9588081128723381,1.6194423495776569,1.8646332460195034,3.4613735305336215,0.9127923330942221,0.29120667621996243,0.29120667621996243,0,0.95168272550878,0.6215856568742597,0.29120667621996243,2.0388811401033604,2.0753651334164607,0.29120667621996243,,2.078777186865845,0,0.9822594170965006,1.5186569897583095,0.6293159608882497,2.1099372752664127,0.9588081128723381,0.9205226371082121,1.2117293133281746,0.8340647828484926,0,0.29120667621996243,2.3699838630858077,1.5186569897583095,0.6604760492888175,0,3.5717289678423807,0.6058646566640873,0.3459762562611936
169387028,0,1.5987453110596692,0.2835784920513334,0.2835784920513334,2.9891517143478783,0.5824133524399249,5.814818227308858,0.29120667621996243,0,1.7761205188953864,0,0.7630086476854399,6.689242543004198,5.571374569444287,0.5824133524399249,7.160838857668007,0,3.801868178010885,1.6557042075369692,1.2255300716371007,4.32552399576159,0.29120667621996243,0.5824133524399249,0.7955563274071127,0.4170323914242463,3.4163674329411293,1.5776415106880766,0.29120667621996243,0.5824133524399249,2.261624931772197,5.282283169985418,0.5824133524399249,0.5824133524399249,0.5824133524399249,0.29120667621996243,0.5824133524399249,4.847414501589906,0.48089834696298783,0,0.5824133524399249,2.689779323146421,1.9799491772120255,3.0210173201282564,4.34230064968085,4.697927210915039,2.5096725207203763,0.29120667621996243,0.5824133524399249,0,0.6101356651237635,0.905164148925593,0.29120667621996243,2.783637090955978,0.9343233954171384,0.29120667621996243,2.078777186865845,,0.29120667621996243,1.9696868587718463,3.21866823463311,3.6438890276334486,2.0476976984730535,1.1963708251455556,3.6564473867640133,3.968255935166401,0.8979307383872341,0,0.29120667621996243,6.249914737945585,5.822799861286631,0.31465798044412485,0.29120667621996243,5.559131152091376,0.8894431487154206,0.31465798044412485
169534929,0,0,0,0,0,5.831503991750182,0.29120667621996243,4.35897085944134,0,0,0,0,0.29120667621996243,3.7790375782776184,5.279208436398709,0.29120667621996243,4.203289837271937,0.29120667621996243,0,0,0.29120667621996243,3.027544199263801,5.491342806688762,0,0,0,0,0,2.328611819137846,0,0,2.724688439153606,5.036818353708733,4.113117397437186,3.360187603555342,5.847611810496619,4.221539258739647,0,0,4.533796423286742,0,0,0,0.29120667621996243,2.440664435739554,0.29120667621996243,5.2670403808328485,5.267040380832849,1.7288262312938276,0,0,4.933232180137515,0,0,4.118033966935244,0,0.29120667621996243,,0,0,0.29120667621996243,0,0,0.29120667621996243,0.29120667621996243,0,0,4.2190833243748855,0.29120667621996243,0.29120667621996243,0,0.36067376022224085,0.29120667621996243,0,0
176899577,0,1.2840873306155443,0.2835784920513334,0.2835784920513334,1.9907373470989786,0,1.9096926659856965,0,0,0.36067376022224085,0,0.3459762562611936,1.9739578672315226,1.9096926659856965,0,2.800005597749807,0,1.2881070091114366,0.2835784920513334,0.6335869693479259,1.9243901699467436,0,0,0,0,3.0835840898011404,0.2835784920513334,0,0,1.447872174816821,2.7766564133710054,0,0,0,0,0,1.6027649895555616,0,0,0,2.079055572741037,0.951179928703709,2.2703664262079375,1.6030163195193454,1.6367794568600114,0.9094351573852693,0,0,0,0,1.2240931378293942,0,1.4037238320746712,0.6796027491260419,0,0.9822594170965006,1.9696868587718463,0,,2.2886158476756475,1.256788733294368,0.5905061684814683,1.3854744106069607,1.256788733294368,1.256788733294368,0,0,0,2.3439871478889485,1.6030163195193454,0,0,3.0835840898011404,0.2835784920513334,0
177123098,0,1.5987453110596692,0.2835784920513334,0.2835784920513334,2.8878086799830287,0,4.490693187177777,0,0,1.2577450931062906,0,0.3459762562611936,3.222939243092786,3.1352227376227977,0,4.540022097038278,0,1.6027649895555616,1.4728085750874498,1.2532523843209393,4.144716930916584,0,0,0.31465798044412485,0,3.583613003315027,1.3703414956784084,0.5824133524399249,0,2.345531592982491,3.8825499835489796,0,0,0,0,0.29120667621996243,2.5370883849726997,0,0.36067376022224085,0.29120667621996243,2.5418324237218353,1.8855033241208479,2.515557322649784,3.503878131822812,2.885760832721275,1.8437585528024076,0.29120667621996243,0.29120667621996243,0,0.9430871126621657,1.2240931378293942,0.29120667621996243,2.2271744432777103,1.5444590605409019,0.29120667621996243,1.5186569897583095,3.21866823463311,0,2.2886158476756475,,1.899905452491544,1.487577501365518,1.1963708251455556,2.1911121287115063,2.963217151894457,0,0,0.29120667621996243,3.1214219793138716,3.143204371600571,0.6058646566640873,0,4.097511345684778,1.8842398380481593,0.31465798044412485
177457298,0,0.5982364724954583,0.2835784920513334,0.2835784920513334,0.9171654613992593,0.5824133524399249,3.648160036093125,0.29120667621996243,0,0.318928988903801,0,0,3.24573043171128,3.671611340317287,0.5824133524399249,3.6792395244859164,0,2.917271692958229,1.2864348344681142,1.2532523843209393,3.6438890276334486,0.29120667621996243,0.5824133524399249,0,0,1.899905452491544,0.9171654613992593,0,0.5824133524399249,0.6335869693479259,2.5100411176153075,0.5824133524399249,0.5824133524399249,0.5824133524399249,0.29120667621996243,0.5824133524399249,3.671611340317287,0,0,0.5824133524399249,0.9171654613992593,0.6120372308043844,1.256788733294368,2.545125137418205,2.6355947665875163,2.23046715697408,0.29120667621996243,0.5824133524399249,0,0.318928988903801,0.9171654613992593,0.29120667621996243,0.6025074809551344,0.647387727656852,0.29120667621996243,0.6293159608882497,3.6438890276334486,0.29120667621996243,1.256788733294368,1.899905452491544,,0.2835784920513334,0.2835784920513334,3.5729467712859697,3.5935486434683948,0,0,0.29120667621996243,3.231929673402354,3.623194744642141,0,0.29120667621996243,3.170517166904125,0.5982364724954583,0
179529849,0,0.905164148925593,0.2835784920513334,0.2835784920513334,2.6935709607194696,0,1.8900071057473626,0,0.5581106265512472,2.1508278105933925,0.5581106265512472,0.4170323914242463,2.0158328209516467,1.5899519123456396,0,1.2039990093141846,0,0.2835784920513334,0.2835784920513334,1.7842531741151437,1.5421888939902482,0,0,0.31465798044412485,1.1383799118687281,2.2433873262247848,0.5747851682712959,0.5824133524399249,0,1.5732683823830396,1.583079429317228,0,0,0,0,0.29120667621996243,0.5747851682712959,0,0.36926937306885504,0.29120667621996243,1.856846874434373,1.1963708251455556,1.1963708251455556,1.487577501365518,2.402364284499507,0.8817128447014306,0.29120667621996243,0.29120667621996243,0,0.95168272550878,1.8699643154771972,0.29120667621996243,2.6935709607194696,1.6687703103347493,0.29120667621996243,2.1099372752664127,2.0476976984730535,0,0.5905061684814683,1.487577501365518,0.2835784920513334,,1.1963708251455556,0.5747851682712959,0.8659918444912583,0.4170323914242463,0.5581106265512472,0.29120667621996243,2.338904374693016,1.487577501365518,1.3775636341147868,0,2.5047386954796287,0.5747851682712959,0.31465798044412485
198935499,0,0.905164148925593,0.2835784920513334,0.2835784920513334,1.9263139584366513,0,1.1963708251455556,0,0,1.3358077899551832,0,0,1.5656401982144106,0.8817128447014306,0,2.07702994828857,0,0.2835784920513334,0.2835784920513334,0.29120667621996243,1.6116559779925266,0,0,0.31465798044412485,0,1.754743783675816,0.5747851682712959,0.29120667621996243,0,2.07702994828857,2.0536807639097683,0,0,0,0,0,0.5747851682712959,0,0,0,1.991339067271048,1.9263139584366513,1.9263139584366513,1.1963708251455556,1.9263139584366513,0.8817128447014306,0,0,0,0.29120667621996243,0.9597755415503233,0,1.9999346801176623,0.9665384168863281,0,0.9588081128723381,1.1963708251455556,0,1.3854744106069607,1.1963708251455556,0.2835784920513334,1.1963708251455556,,0.2835784920513334,0.5747851682712959,0,0,0,1.6306653070488073,1.1963708251455556,0.31465798044412485,0,1.754743783675816,0.5747851682712959,0.31465798044412485
215150187,0,0.5982364724954583,0.2835784920513334,0.2835784920513334,1.2083721376192216,0.5824133524399249,3.951925071443652,0.29120667621996243,0,0.6101356651237635,0,0,3.2582887908418448,3.9753763756678144,0.5824133524399249,3.9830045598364436,0,2.9298300520887937,1.2864348344681142,1.2532523843209393,3.947654062983976,0.29120667621996243,0.5824133524399249,0,0,2.1911121287115063,0.9171654613992593,0.29120667621996243,0.5824133524399249,0.9247936455678883,2.80124779383527,0.5824133524399249,0.5824133524399249,0.5824133524399249,0.29120667621996243,0.8736200286598873,3.684169699447852,0,0,0.8736200286598873,1.2083721376192216,0.6120372308043844,1.256788733294368,2.8363318136381674,2.2457235213362363,2.23046715697408,0.5824133524399249,0.8736200286598873,0,0.6101356651237635,0.9171654613992593,0.5824133524399249,0.8937141571750968,0.9385944038768145,0.5824133524399249,0.9205226371082121,3.6564473867640133,0.29120667621996243,1.256788733294368,2.1911121287115063,3.5729467712859697,0.5747851682712959,0.2835784920513334,,3.897313678818922,0,0,0.5824133524399249,3.535694708752881,3.9269597799926683,0.29120667621996243,0.29120667621996243,3.4617238431240875,0.5982364724954583,0
221094530,0,0.5982364724954583,0.2835784920513334,0.2835784920513334,1.4995788138391841,0.5824133524399249,4.7446319668090275,0.29120667621996243,0,0.9013423413437259,0,0,3.5700973392442323,4.2871849240702025,0.5824133524399249,4.775711455201819,0,2.9504319242712187,0.9171654613992593,1.5444590605409019,4.740360958349351,0.29120667621996243,0.5824133524399249,0,0,2.1911121287115063,1.6892704845822095,0.5824133524399249,0.5824133524399249,1.6968986687508387,3.0924544700552326,0.5824133524399249,0.5824133524399249,0.5824133524399249,0.29120667621996243,0.8736200286598873,3.9959782478502395,0,0,0.8736200286598873,1.4995788138391841,0.903243907024347,1.5479954095143302,3.12753848985813,2.557532069738624,2.5216738331940425,0.5824133524399249,0.8736200286598873,0,0.9013423413437259,0.9171654613992593,0.5824133524399249,1.1849208333950592,1.229801080096777,0.5824133524399249,1.2117293133281746,3.968255935166401,0.29120667621996243,1.256788733294368,2.963217151894457,3.5935486434683948,0.8659918444912583,0.5747851682712959,3.897313678818922,,0,0,0.5824133524399249,3.8475032571552688,4.238768328395056,0.29120667621996243,0.29120667621996243,3.0924544700552326,1.3703414956784084,0
227193867,0,0,0,0,0,0,0,0,0,0.8340647828484926,0,0.4170323914242463,0.8979307383872341,0.4170323914242463,0,0.8979307383872341,0,0,0,1.8597274323132096,0,0,0,0.8979307383872341,0.4170323914242463,0.4170323914242463,0,0,0,0,0.8979307383872341,0,0,0,0,0,0,0.48089834696298783,0,0,0.48089834696298783,0,0,0,0.4170323914242463,0,0,0,0,0,0,0,0,0.4170323914242463,0,0.8340647828484926,0.8979307383872341,0,0,0,0,0.4170323914242463,0,0,0,,0,0,0.4170323914242463,0,0,0,0.8340647828484926,0,0
237944813,0,0,0,0,0,0,0,0,0.5581106265512472,0,0.5581106265512472,0,0,0,0,0,0,0,0,0,0,0,0,0,0,0.5581106265512472,0,0,0,0,0,0,0,0,0,0,0,0,0,0,0,0,0,0,0,0,0,0,0,0,0.5581106265512472,0,0,0,0,0,0,0,0,0,0,0.5581106265512472,0,0,0,0,,0,0,0,0,0,0,0,0
239054561,0,0,0,0,0.29120667621996243,4.523622852564501,0.5824133524399249,3.744726000857465,0,0.29120667621996243,0,0,0.29120667621996243,3.078740546160269,4.946470315188521,0.5824133524399249,3.4535193246375036,0.29120667621996243,0,0.29120667621996243,0.5824133524399249,2.0360404909264886,4.600494058927328,0,0,0.29120667621996243,0,0.29120667621996243,2.4060209386669835,0.29120667621996243,0.5824133524399249,2.3996679543008987,4.548399210329142,4.105399761079706,3.082313779305032,5.247969738955145,4.540681573971663,0,0,5.192562010413867,0.29120667621996243,0,0,0.5824133524399249,2.031574079842167,0.29120667621996243,4.934302259622662,4.808476544418378,2.081782355158589,0.29120667621996243,0,4.600494058927328,0.29120667621996243,0.29120667621996243,3.7706930586826557,0.29120667621996243,0.29120667621996243,4.2190833243748855,0,0.29120667621996243,0.29120667621996243,0.29120667621996243,0,0.5824133524399249,0.5824133524399249,0,0,,0.5824133524399249,0.5824133524399249,0.29120667621996243,0.6518804364422033,0.5824133524399249,0,0
322722122,0,1.219822129369718,0.2835784920513334,0.2835784920513334,2.90143520887789,0.5824133524399249,5.694065549297726,0.29120667621996243,0,2.067327195115349,0,0.7630086476854399,5.36477165118859,5.450621891433155,0.5824133524399249,6.159439519593769,0,4.120797166914686,1.6557042075369692,1.2160003217878508,4.204771317750458,0.29120667621996243,0.5824133524399249,0.31465798044412485,0.4170323914242463,3.753415659525143,1.5776415106880766,0.5824133524399249,0.5824133524399249,2.9871260898954115,4.683313436293026,0.5824133524399249,0.5824133524399249,0.5824133524399249,0.29120667621996243,0.8736200286598873,4.435455147358811,0,0,0.8736200286598873,2.555458952616696,1.1963708251455556,2.884826695718639,3.387505176666349,4.369468472161989,2.0977131664892816,0.5824133524399249,0.8736200286598873,0,0.9013423413437259,1.2240931378293942,0.5824133524399249,2.675095454075823,1.2160003217878508,0.5824133524399249,2.3699838630858077,6.249914737945585,0.29120667621996243,2.3439871478889485,3.1214219793138716,3.231929673402354,2.338904374693016,1.6306653070488073,3.535694708752881,3.8475032571552688,0.4170323914242463,0,0.5824133524399249,,4.86800438827213,0.6058646566640873,0.29120667621996243,5.89617937867539,0.8894431487154206,0.31465798044412485
323263866,0,1.5987453110596692,0.2835784920513334,0.2835784920513334,2.5000876524033955,0.5824133524399249,5.2842347509629,0.29120667621996243,0,1.2160003217878508,0,0,5.424641265364463,4.623758701674083,0.5824133524399249,6.1493570343590624,0,2.980078025444965,1.6557042075369692,1.5444590605409019,4.596036388990244,0.29120667621996243,0.5824133524399249,0.31465798044412485,0,2.9066090880053386,1.5776415106880766,0.5824133524399249,0.5824133524399249,2.2068553517309657,4.270801346676474,0.5824133524399249,0.5824133524399249,0.5824133524399249,0.29120667621996243,0.8736200286598873,4.025624349023986,0,0,0.8736200286598873,2.5000876524033955,1.9799491772120255,2.6543467808757555,4.952436314804614,3.578033200855485,2.8286015096241774,0.5824133524399249,0.8736200286598873,0,0.9013423413437259,1.2240931378293942,0.5824133524399249,2.640549285272689,1.5444590605409019,0.5824133524399249,1.5186569897583095,5.822799861286631,0.29120667621996243,1.6030163195193454,3.143204371600571,3.623194744642141,1.487577501365518,1.1963708251455556,3.9269597799926683,4.238768328395056,0,0,0.5824133524399249,4.86800438827213,,0.6058646566640873,0.29120667621996243,4.17722080241792,0.8894431487154206,0.31465798044412485
358967649,0,0.31465798044412485,0,0,1.3775636341147868,0,1.0082942610459318,0,0,1.7296417814904137,0,0,0.7170875848259695,0.29120667621996243,0,0.6058646566640873,0,0,0,0.7716989774506997,0.6604760492888175,0,0,0.31465798044412485,0,0.6604760492888175,0,0.29120667621996243,0,1.696481550177424,1.0082942610459318,0,0,0,0,0.29120667621996243,0,0,0.36926937306885504,0.29120667621996243,0.9751340297329424,0.31465798044412485,0.31465798044412485,0.6058646566640873,1.0863569578948244,0,0.29120667621996243,0.29120667621996243,0,1.381823569733299,0,0.29120667621996243,1.3775636341147868,1.3775636341147868,0.29120667621996243,0.6604760492888175,0.31465798044412485,0,0,0.6058646566640873,0,1.3775636341147868,0.31465798044412485,0.29120667621996243,0.29120667621996243,0,0,0.29120667621996243,0.6058646566640873,0.6058646566640873,,0,1.0629056536706623,0,0.31465798044412485
362113639,0,0,0,0,0,0.6518804364422033,0.29120667621996243,0.29120667621996243,0,0,0,0,0.29120667621996243,0,0.6518804364422033,0.29120667621996243,0,0.29120667621996243,0,0.29120667621996243,0.29120667621996243,0,0.6518804364422033,0,0,0,0,0,0.6518804364422033,0,0.29120667621996243,0.6518804364422033,0.6518804364422033,0.6518804364422033,0.36067376022224085,0.6518804364422033,0.29120667621996243,0,0,0.6518804364422033,0,0,0,0.29120667621996243,0.29120667621996243,0.29120667621996243,0.36067376022224085,0.6518804364422033,0,0,0,0.36067376022224085,0,0,0,0,0.29120667621996243,0.36067376022224085,0,0,0.29120667621996243,0,0,0.29120667621996243,0.29120667621996243,0,0,0.6518804364422033,0.29120667621996243,0.29120667621996243,0,,0.29120667621996243,0,0
373044930,0,1.630063586876738,0.2835784920513334,0.2835784920513334,5.4470488314946275,0.5824133524399249,6.459471115278648,0.29120667621996243,0.5581106265512472,4.27562831058313,0,0.7630086476854399,5.791663299046275,4.695573104333118,0.5824133524399249,8.547515026006844,0,3.328496317281561,3.0883869366802084,2.4419837531958852,6.3275940224148055,0.29120667621996243,0.5824133524399249,0.4170323914242463,0.4170323914242463,7.197590836605528,1.8445454610193615,0.637182932481156,0.5824133524399249,4.384560822403715,7.554784188022312,0.5824133524399249,0.5824133524399249,0.5824133524399249,0.29120667621996243,0.8736200286598873,3.680406360258775,0,1.288053759842343,0.8736200286598873,4.27900896978684,2.523480143117607,3.354881428606841,4.195672456928698,7.795865680827234,2.13496522902237,0.5824133524399249,0.8736200286598873,0,1.3400787984148592,1.593362510898249,0.5824133524399249,4.809670688474426,2.8339757892351947,0.5824133524399249,3.5717289678423807,5.559131152091376,0.29120667621996243,3.0835840898011404,4.097511345684778,3.170517166904125,2.5047386954796287,1.754743783675816,3.4617238431240875,3.0924544700552326,0.8340647828484926,0,0.5824133524399249,5.89617937867539,4.17722080241792,1.0629056536706623,0.29120667621996243,,1.112134814865209,0.3459762562611936
374868070,0,0.2835784920513334,0.2835784920513334,0.2835784920513334,0.5747851682712959,0,1.5695818576040343,0,0,0.29120667621996243,0,0,0.8894431487154206,0.8894431487154206,0,1.600661345996826,0,0.5982364724954583,1.112134814865209,0.29120667621996243,1.8842398380481593,0,0,1.4426950408889634,0,0.5982364724954583,1.3703414956784084,0.29120667621996243,0,1.086763003627075,0.8894431487154206,0,0,0,0,0,0.8894431487154206,0,0,0,0.5747851682712959,0.5747851682712959,0.5747851682712959,0.8894431487154206,0.8894431487154206,0.8894431487154206,0,0,0,0.29120667621996243,0.2835784920513334,0,0.5747851682712959,0.29120667621996243,0,0.6058646566640873,0.8894431487154206,0,0.2835784920513334,1.8842398380481593,0.5982364724954583,0.5747851682712959,0.5747851682712959,0.5982364724954583,1.3703414956784084,0,0,0,0.8894431487154206,0.8894431487154206,0,0,1.112134814865209,,0
437868534,0,0.6606342367053184,0,0,0.31465798044412485,0,0.31465798044412485,0,0,0.6606342367053184,0,0,0.6606342367053184,0,0,0.6606342367053184,0,0,0,0,0.3459762562611936,0,0,0.31465798044412485,0,0.3459762562611936,0,0.3459762562611936,0,0.6606342367053184,0.6606342367053184,0,0,0,0,0,0,0,0,0,0.6606342367053184,0.31465798044412485,0.6606342367053184,0.6606342367053184,0.6606342367053184,0,0,0,0,0,0,0,0.6606342367053184,0.6606342367053184,0,0.3459762562611936,0.31465798044412485,0,0,0.31465798044412485,0,0.31465798044412485,0.31465798044412485,0,0,0,0,0,0.31465798044412485,0.31465798044412485,0.31465798044412485,0,0.3459762562611936,0,